{"Average_train_loss": 0.7054802254870387, "Round": 4, "_timestamp": 1658808703, "_runtime": 5220, "_step": 18, "server_mnist_m_test_loss": 1.0784939603805541, "server_mnist_m_test_acc": 64.98999786376953, "server_syn_test_loss": 0.9148661444981893, "server_syn_test_acc": 70.80000305175781, "server_svhn_test_loss": 1.344125102104112, "server_svhn_test_acc": 57.72126770019531, "server_usps_test_loss": 0.33011851768980743, "server_usps_test_acc": 90.16129302978516, "Server_avg_test_loss": 0.9169009311681658, "Server_avg_test_acc": 70.91814041137695}