{"Average_train_loss": 1.5487505727775204, "Round": 20, "_timestamp": 1658792380, "_runtime": 16964, "_step": 119, "server_mnist_m_test_loss": 1.706751597213745, "server_mnist_m_test_acc": 77.0199966430664, "server_syn_test_loss": 1.663391768137614, "server_syn_test_acc": 80.30000305175781, "server_svhn_test_loss": 1.717367196420108, "server_svhn_test_acc": 77.54686737060547, "server_usps_test_loss": 1.5229275918775989, "server_usps_test_acc": 93.81720733642578, "Server_avg_test_loss": 1.6526095384122663, "Server_avg_test_acc": 82.17101860046387, "_wandb": {"runtime": 16964}}