{"Average_train_loss": 1.569774107628202, "Round": 20, "_timestamp": 1658730238, "_runtime": 8189, "_step": 119, "server_mnist_m_test_loss": 1.8627949741363525, "server_mnist_m_test_acc": 61.22999954223633, "server_syn_test_loss": 1.940000473022461, "server_syn_test_acc": 52.29999923706055, "server_svhn_test_loss": 2.052457935911201, "server_svhn_test_acc": 42.42470932006836, "server_usps_test_loss": 1.5432617351573001, "server_usps_test_acc": 92.4731216430664, "Server_avg_test_loss": 1.8496287795568285, "Server_avg_test_acc": 62.10695743560791, "_wandb": {"runtime": 8190}}