{"Average_train_loss": 1.6060807698927224, "Round": 7, "_timestamp": 1658808338, "_runtime": 4856, "_step": 41, "server_mnist_m_test_loss": 1.6908636306762694, "server_mnist_m_test_acc": 80.1500015258789, "server_syn_test_loss": 1.6620968924628363, "server_syn_test_acc": 80.78888702392578, "server_svhn_test_loss": 1.7196656552720964, "server_svhn_test_acc": 78.43807983398438, "server_usps_test_loss": 1.5246071005380282, "server_usps_test_acc": 93.87096405029297, "Server_avg_test_loss": 1.6493083197373075, "Server_avg_test_acc": 83.31198310852051}