{"Average_train_loss": 0.4100756496701651, "Round": 20, "_timestamp": 1658757452, "_runtime": 27176, "_step": 119, "server_mnist_m_test_loss": 0.8467319423675537, "server_mnist_m_test_acc": 72.05000305175781, "server_syn_test_loss": 0.6953516488075256, "server_syn_test_acc": 77.86666870117188, "server_svhn_test_loss": 1.0718025095124295, "server_svhn_test_acc": 65.75753021240234, "server_usps_test_loss": 0.2664971379783525, "server_usps_test_acc": 91.7741928100586, "Server_avg_test_loss": 0.7200958096664654, "Server_avg_test_acc": 76.86209869384766, "_wandb": {"runtime": 27177}}