{"Average_train_loss": 0.4795948044388082, "Round": 20, "_timestamp": 1658800369, "_runtime": 25224, "_step": 119, "server_mnist_m_test_loss": 0.8955418515205383, "server_mnist_m_test_acc": 70.11000061035156, "server_syn_test_loss": 0.7282632952266269, "server_syn_test_acc": 77.25555419921875, "server_svhn_test_loss": 1.1348062124659697, "server_svhn_test_acc": 64.03273010253906, "server_usps_test_loss": 0.30521919402464104, "server_usps_test_acc": 91.0215072631836, "Server_avg_test_loss": 0.765957638309444, "Server_avg_test_acc": 75.60494804382324, "_wandb": {"runtime": 25225}}