{"Average_train_loss": 1.5461846504346473, "Round": 20, "_timestamp": 1658775381, "_runtime": 16853, "_step": 119, "server_mnist_m_test_loss": 1.7373403358459472, "server_mnist_m_test_acc": 74.69999694824219, "server_syn_test_loss": 1.713579968770345, "server_syn_test_acc": 75.36666870117188, "server_svhn_test_loss": 1.797706837000551, "server_svhn_test_acc": 69.0188980102539, "server_usps_test_loss": 1.529676624010968, "server_usps_test_acc": 93.01074981689453, "Server_avg_test_loss": 1.6945759414069528, "Server_avg_test_acc": 78.02407836914062, "_wandb": {"runtime": 16854}}