{"server_test_loss": 1.5906295858403687, "server_test_acc": 89.6236572265625, "Round": 1, "_timestamp": 1658720278, "_runtime": 380, "_step": 3, "_wandb": {"runtime": 593}}